note_id,task_id,author_id,content,created_at
1,1,1,Note 1 for task 1,2025-01-01 00:00:00
2,1,2,Note 2 for task 1,2025-01-01 01:00:00
3,1,3,Note 3 for task 1,2025-01-01 02:00:00
4,2,4,Note 4 for task 2,2025-01-01 03:00:00
5,2,5,Note 5 for task 2,2025-01-01 04:00:00
6,2,1,Note 6 for task 2,2025-01-01 05:00:00
7,3,2,Note 7 for task 3,2025-01-01 06:00:00
8,3,3,Note 8 for task 3,2025-01-01 07:00:00
9,3,4,Note 9 for task 3,2025-01-01 08:00:00
10,4,5,Note 10 for task 4,2025-01-01 09:00:00
11,4,1,Note 11 for task 4,2025-01-01 10:00:00
12,4,2,Note 12 for task 4,2025-01-01 11:00:00
13,5,3,Note 13 for task 5,2025-01-01 12:00:00
14,5,4,Note 14 for task 5,2025-01-01 13:00:00
15,5,5,Note 15 for task 5,2025-01-01 14:00:00
16,6,1,Note 16 for task 6,2025-01-01 15:00:00
17,6,2,Note 17 for task 6,2025-01-01 16:00:00
18,6,3,Note 18 for task 6,2025-01-01 17:00:00
19,7,4,Note 19 for task 7,2025-01-01 18:00:00
20,7,5,Note 20 for task 7,2025-01-01 19:00:00
21,7,1,Note 21 for task 7,2025-01-01 20:00:00
22,8,2,Note 22 for task 8,2025-01-01 21:00:00
23,8,3,Note 23 for task 8,2025-01-01 22:00:00
24,8,4,Note 24 for task 8,2025-01-01 23:00:00
25,9,5,Note 25 for task 9,2025-01-02 00:00:00
26,9,1,Note 26 for task 9,2025-01-02 01:00:00
27,9,2,Note 27 for task 9,2025-01-02 02:00:00
28,10,3,Note 28 for task 10,2025-01-02 03:00:00
29,10,4,Note 29 for task 10,2025-01-02 04:00:00
30,10,5,Note 30 for task 10,2025-01-02 05:00:00
